,Sample Type,Year,Mean within-site CV,Mean between-site CV
1,benthic,2017,0.826577536,1.894361114
2,benthic,2018,1.015171266,1.212493835
3,mysid,2017,0.740843281,0.922856161
4,mysid,2018,1.367034748,1.550784878
5,neuston,2017,0.970689418,0.995881815
6,neuston,2018,0.933620472,1.445108633
7,sweep net,2017,1.125644042,1.471650063
8,sweep net,2018,1.039019521,1.41664645
,zooplankton,2017,0.9318,1.4391
,zooplankton,2018,0.7345,3.2851
,chlorophyll,2017,,
,chlorophyll,2018,,
